poster,reposter,weiboid
上海和睦家医院,手机用户凌情书,3552062027651437
崔玉涛,褓,3552120437842276
崔玉涛,性感的奥特曼王子,3552274192431427
淡定的很,撒马过去,3552057154281847
崔玉涛,热情的Christina1989,3552048819673468
崔玉涛,小龙女淼淼的快乐妈咪,3552060588525949
崔玉涛,抱抱-lxl,3552065735653761
崔玉涛,浩玛,3552026191948173
崔玉涛,橘子默娘,3552021342646676
崔玉涛,金刚皮皮,3552386784065858
崔玉涛,伊菲,3552038543286647
崔玉涛,immissmushroom,3552023544488999
崔玉涛,可乐非冰加水加LY加铭仔,3552111708701071
崔玉涛,妈_海英,3552245528058228
崔玉涛,萝卜娜娜爱婴馆,3552096726712728
崔玉涛,小锕璇的潮妈,3552378903228759
崔玉涛,健康的后花园,3552069128516000
崔玉涛,爆炎老白,3552045430712696
崔玉涛,蜜糖情人,3552441708874067
夏隆江,小龙女滴麻麻,3552144559415710
崔玉涛,零度辰,3552040191744440
崔玉涛,sxtt2009,3552135838998948
崔玉涛,健康的开心的麻麻,3552049545494979
夏隆江,雪已下丶梅盛开,3552079907484092
崔玉涛,添添妈的小店,3552021418617301
崔玉涛,小羽0718,3552250305380769
崔玉涛,杨忠浩,3552040875456981
崔玉涛,yuzhu720521,3552042192734678
崔玉涛,Lilysx,3552425275748734
崔玉涛,michelle8205,3552043778314284
崔玉涛,胖胖_R,3552025176132065
上海和睦家医院,FAYE_FRVR,3552063978263005
崔玉涛,jojo-mom,3552308351068581
崔玉涛,妖孽之涅,3552241602580921
崔玉涛,Libby米,3552053193910758
崔玉涛,越来越好yueyue,3552050144682471
崔玉涛,心之所向s,3552099252310497
崔玉涛,乖米汤,3552028413997107
崔玉涛,Monica_莫妮卡,3552029006205433
崔玉涛,puticao224,3552093212099052
崔玉涛,团妈小F,3552042612441601
崔玉涛,球球nj,3552058579556865
崔玉涛,绿萝快快长大,3552124048402931
崔玉涛,曦曦的妈妈叫小C,3552112803963384
崔玉涛,七喜牌可乐,3552028813257230
崔玉涛,cieeeee,3552035218070030
崔玉涛,尘封的窝窝,3552088363612674
崔玉涛,妞妞儿妈咪,3552019547900439
崔玉涛,莫妮卡tuo的乖喜宝啊,3552060215202322
崔玉涛,这不是居委会王大妈吗,3552199139285809
崔玉涛,兜宝滴娘_茜,3552064850018850
崔玉涛,阿子,3552020713239085
崔玉涛,彤宝2012,3552037411330603
崔玉涛,没有过不去的kan,3552219842021891
崔玉涛,Vicky_mum娜,3552068004129323
_Hazel_Yan,_Hazel_Yan,3552038376139317
崔玉涛,幸福宇妈V,3552234711482042
圈儿圈儿2010,圈儿圈儿2010,3552063625894461
崔玉涛,程宏伟-营养师,3552023725335119
小丸子_Jun,钢丝绳上的独轮,3552059611658826
崔玉涛,温迪小姐wwt,3552084576508493
崔玉涛,泰德福,3552023146016102
崔玉涛,Tallinn_糖糖,3552042448153171
崔玉涛,嗄漠丿湫雨,3552054326682194
崔玉涛,John_wong,3552058374019667
崔玉涛,瓜妈的小瓜子,3552023192634263
昊昊妈咪_,大姑娘和音1988,3552354575819284
橘子爱小橘子,小捣蛋他娘,3552047956200029
崔玉涛,lulu爱青青,3552022806989416
崔玉涛,寂寞先生XXX,3552037729972843
M和MS,Miaoer0910,3552084903060067
小捣蛋他娘,字塔姜,3552049415305837
崔玉涛,U小笨蛋U,3552261156381245
崔玉涛,bobo78宝贝,3552237642979908
崔玉涛,刘杰的围脖,3552025293818488
崔玉涛,,3552059762666097
崔玉涛,毛_哞哞,3552028293137019
崔玉涛,啃苹果的mickey,3552056332096119
崔玉涛,yioo的blog,3552092884916853
崔玉涛,2种口味,3552480430070300
_Hazel_Yan,小霖儿麻麻,3552129765405295
崔玉涛,洋娃娃和小熊熊跳舞,3552028120384137
崔玉涛,奕彤0813,3552029253436151
miu儿,泵泵pig,3552057984598663
崔玉涛,hot_piggy,3552239933350494
崔玉涛,陈大明的幸福生活,3552072568384138
夏隆江,罗氏雷和雷罗氏,3552044826471058
夏隆江,shiping-xiao,3552054863372944
崔玉涛,olive-zhuzhu,3552019220021163
崔玉涛,钢铁茗茗Liz,3552040963966030
崔玉涛,棒棒糖-00,3552101315769066
崔玉涛,忆溢心田,3552158492666503
崔玉涛,月下桃,3552028980791976
崔玉涛,yioo的blog,3552092839324315
崔玉涛,_____Winnie_,3552028393558811
崔玉涛,Junejunejjj,3552035167103670
崔玉涛,M和MS,3552044306842293
崔玉涛,小石头楠,3552141777595039
崔玉涛,aipeggy,3552028720731220
崔玉涛,hopeqin,3552019258731201
崔玉涛,sallery的家,3552254101398157
月下桃,Cathy-83,3552246535090832
崔玉涛,小发子姐姐,3552026183043780
崔玉涛,梧桐宝贝笑窝,3552053391561415
崔玉涛,乖米汤,3552028456182483
崔玉涛,土豆的皮,3552030217622275
我叫棉花糖le,请叫我王小安,3552098434570951
崔玉涛,xjf818,3552038362913495
北京和睦家医院,Chrissy诗,3552053903323869
崔玉涛,天真baby代购小屋,3552064095455963
崔玉涛,Miss大翟xt,3552229686403766
崔玉涛,去年夏天0220,3552044306842341
崔玉涛,莫妮卡tuo的乖喜宝啊,3552060093557845
_Hazel_Yan,只有开心才快乐,3552081006484696
崔玉涛,Ailsa,3552030075565149
崔玉涛,化平淡为快乐每一天,3552100527553254
崔玉涛,不二家的Kinder,3552059737498352
崔玉涛,i徐徐微疯,3552066431134448
崔玉涛,诺一M,3552081489175279
崔玉涛,绿莓莓,3552055660575833
崔玉涛,aaaaa宝莹,3552042611741435
崔玉涛,懒人总归会受惩罚,3552019497095940
崔玉涛,10月的7月,3552032818778882
崔玉涛,简单-执着-,3552066083463934
崔玉涛,myboy2012,3552161969664748
崔玉涛,pannycai,3552207490417384
崔玉涛,樱桃喜小妞,3552054905541389
崔玉涛,粥多多的微博,3552057103266574
北京和睦家医院,猫猫猫爱美,3552056004051727
崔玉涛,北京康诺医疗,3552035091362581
崔玉涛,bling1984,3552040653369783
崔玉涛,PP媚,3552418556359361
崔玉涛,Chalmers的嘛嘛,3552072781306643
崔玉涛,海参崴-支持母乳喂养,3552036781993050
崔玉涛,大手_牵-小手,3552133704255327
崔玉涛,yll9713,3552068579533593
崔玉涛,Annykie,3552103895368468
小飞象HJJ,Grace三岁半,3552059817196321
崔玉涛,辰辰妈妈07,3552119111551764
崔玉涛,luaiwanghua,3552046688600872
北京和睦家医院,申大娇儿,3552059821677351
崔玉涛,AngleaCherry,3552065203165973
崔玉涛,眼神杀死狗,3552044436599568
安宁润儿母婴生活馆,喏喏妮子,3552023096161081
FAYE_FRVR,Aaron-Bobo-Vic,3552064988961585
崔玉涛,jeanne-zheng,3552062262410036
崔玉涛,Sammama,3552087738610484
崔玉涛,暖暖小倩倩,3552052330300226
崔玉涛,妖孽之涅,3552241733055256
夏隆江,M和MS,3552043765971789
崔玉涛,赖皮蛙,3552183528428333
崔玉涛,沫清风a,3552086731668294
大家都叫我荷荷,好A家,3552074988337994
北京和睦家医院,申大娇儿,3552059666467665
崔玉涛,伊-Spirit,3552048891118421
夏隆江,鱼鱼西藏,3552039466484573
LM9438,独孤虎-李利鹏,3552024463315810
崔玉涛,Vicky爱66,3552247046937321
崔玉涛,leaflulu,3552029706445255
崔玉涛,我是媛是酸奶小妖,3552121347666696
崔玉涛,wo--薛太太and糖麻麻,3552043240925637
崔玉涛,秋的木乃伊,3552030414762879
崔玉涛,有爱游侠zc,3552038833097602
崔玉涛,我叫棉花糖le,3552046571375491
崔玉涛,Cherry萌小丫,3552161340089196
崔玉涛,可可米米BB,3552135956190067
崔玉涛,babyface不要babyfat,3552035381414797
崔玉涛,安康的靖哥哥,3552111624807298
崔玉涛,善朝,3552130986050431
崔玉涛,太原纽曼思,3552071930055565
崔玉涛,Tiramisu-RY,3552029337326490
崔玉涛,杨丫丫-2012,3552275094418276
kxmn549,傻乎乎紫龙,3552376579113807
崔玉涛,麦加芽,3552029903834026
崔玉涛,刘欣--益希欣,3552023427044272
崔玉涛,Princesszyj,3552071879719845
崔玉涛,添美2011,3552045766568880
崔玉涛,布丁mini,3552097028725670
夏隆江,秋_慧,3552263437712257
崔玉涛,小璐--LULU,3552093804162160
崔玉涛,声音玩具Ss,3552035289377727
崔玉涛,皮皮萱,3552020194096068
崔玉涛,暗夜菩提2012,3552237689121684
崔玉涛,我是四佰,3552045036955829
崔玉涛,Annie-Young,3552034458851798
崔玉涛,Alisa豆宝妈,3552034848947148
夏隆江,凡心纠结,3552468606428009
崔玉涛,Selina蓝蓝,3552033145709526
崔玉涛,江山慧娟,3552032189596634
崔玉涛,朱剑冰,3552020206431198
崔玉涛,Anilan,3552035448136153
崔玉涛,小薇小米,3552071422503895
崔玉涛,只看不发的围脖,3552030414762978
崔玉涛,程cc1987,3552275069025194
崔玉涛,白开水Shirley,3552107350946775
崔玉涛,alice0596,3552072840254433
崔玉涛,斯G皮波伊,3552050656838445
崔玉涛,马小梅子yanmei,3552051210337259
崔玉涛,M仔咪_,3552043975463918
北京和睦家医院,ETBill,3552060143893486
夏隆江,张翼_XZY,3552043215981556
崔玉涛,墩墩的蝈蝈,3552027210425141
崔玉涛,吉纶子,3552065320623091
加油小少爷,默默叨叨之女子,3552068524999667
崔玉涛,Shannon香侬,3552451548136353
崔玉涛,泉水很忙,3552043538739336
olive-zhuzhu,小龟澳美代购,3552040611200008
崔玉涛,小玉儿_yolanda,3552277816671185
SharonD猪,Cecilia_LS,3552103702402049
崔玉涛,古惑囡小贤猫,3552305209441235
崔玉涛,微道2010,3552229803854824
崔玉涛,99和11的围脖,3552041463370772
崔玉涛,爱笑的豆豆爱麻麻,3552027013563418
崔玉涛,潮爸辣妈宝贝女,3552526273612712
崔玉涛,猪比_Daddy,3552026673796127
崔玉涛,宝儿妈8899,3552061998287896
_Hazel_Yan,cdzhengyu1,3552043552044062
崔玉涛,miu儿,3552031748924450
崔玉涛,Lena_DD,3552065252705309
崔玉涛,大姜爱大葱,3552040078715941
崔玉涛,钻石小凯,3552025360688175
崔玉涛,Shirley龙宝儿,3552228960721921
崔玉涛,jenny爱萱萱,3552085582556195
崔玉涛,向上的小满,3552047603019236
崔玉涛,M仔咪_,3552044125978768
崔玉涛,喜悦成长0001,3552028074485727
崔玉涛,我是营养医师叶世伟,3552036479987692
崔玉涛,米兰无六号,3552044503991351
崔玉涛,秋之雾2011,3552036538471489
崔玉涛,沓加密2012,3552040234343489
崔玉涛,sam癫,3552019896040518
崔玉涛,空心的蛋卷,3552019401094219
崔玉涛,小豆猫,3552095955127361
崔玉涛,DL-baby,3552047704517712
崔玉涛,友善待己,3552052901278803
崔玉涛,大家都叫我荷荷,3552096600874059
崔玉涛,采采_权权妈,3552057426697301
崔玉涛,瓜子婆婆,3552109293048906
崔玉涛,全人理财-不安静的静子,3552044340640858
崔玉涛,fiona小超人-澳洲代购直邮店,3552039420587160
崔玉涛,风请别再吹,3552061972757592
崔玉涛,cleveoyang,3552254143345710
崔玉涛,彤宝2012,3552037524827234
崔玉涛,Mokona咩,3552058290349150
崔玉涛,KathyGeng,3552026330367085
崔玉涛,冯小闹儿hilary,3552444741324521
崔玉涛,安宁润儿母婴生活馆,3552022663896187
崔玉涛,亲亲我的小乖宝贝,3552070772556913
母乳喂养大本营-vccandy,樱桃小桃熊,3552224959513175
崔玉涛,Rooy胡俊,3552074689870966
崔玉涛,古惑囡小贤猫,3552304919913540
崔玉涛,qdwendy83,3552103018126463
崔玉涛,畸零人NANA,3552097028951170
崔玉涛,羽妈母婴团购,3552040409861268
崔玉涛,混迹郑州,3552023024619003
崔玉涛,毛_哞哞,3552020164486299
北京和睦家医院,想念阿不,3552060722754707
崔玉涛,2013点妈加班加到屎,3552104981759114
崔玉涛,小PP的妈妈很忙,3552260053027948
崔玉涛,gossipchloe,3552032461997218
崔玉涛,田田澄,3552237919580961
崔玉涛,上海和睦家医院,3552059900826793
崔玉涛,李宣茉爱生活,3552045019644069
崔玉涛,勾儿,3552052003353774
崔玉涛,没事喵一声,3552033573798738
崔玉涛,-s白开水s-,3552038946857810
崔玉涛,北京和睦家医院,3552053055972545
崔玉涛,小强家的juju,3552028715999222
夏隆江,我是向日葵不是葵瓜子,3552071833980097
_Hazel_Yan,足各木子,3552166427677868
_Hazel_Yan,途中心情,3552048144458953
崔玉涛,柯呐,3552032663009452
上海和睦家医院,Ruby70NewMM,3552061327631185
崔玉涛,seaglema,3552110056254656
崔玉涛,果宝11妈,3552123981513927
崔玉涛,lily兔妞,3552052800603354
崔玉涛,起随念心,3552053509258459
北京和睦家医院,小与微蓝,3552116037373135
崔玉涛,萌佳佳520,3552071955924186
崔玉涛,丢了梦想的猪xi,3552055115863264
崔玉涛,晏儿mom,3552183230325957
崔玉涛,Maya妍,3552044344095975
hissy-柳宝妈,化蝶妈妈,3552052578035202
_Hazel_Yan,崔玉涛,3552022265181364
_Hazel_Yan,风请别再吹,3552062342108392
aaaaa宝莹,途中心情,3552046135700717
崔玉涛,蜜罐鼠,3552037675840689
崔玉涛,娜小姐520,3552041361763571
崔玉涛,璨Miss_Li,3552087638232305
崔玉涛,童小宝_,3552051579925755
崔玉涛,绿咖喱,3552108709987567
崔玉涛,lucia-yaya,3552055194971392
北京和睦家医院,猫猫猫爱美,3552055887445258
崔玉涛,fish_cole,3552097511333122
崔玉涛,雨飘荡的回忆,3552038548122897
崔玉涛,NightPoison,3552050002961930
崔玉涛,星之葬礼,3552053928492318
崔玉涛,北北兔婴童馆,3552048949706024
崔玉涛,醉清风0324,3552048740349225
崔玉涛,sunshineellen,3552072484485299
崔玉涛,北京小仁物,3552019446762804
崔玉涛,谁的无聊浮生乱了我的流年,3552031887851368
崔玉涛,娇羞,3552090825385253
崔玉涛,一大早就发现微博被盗的小孔雀,3552022177815862
崔玉涛,北京和睦家医院,3552053126796592
崔玉涛,甜品不甜,3552077458294059
崔玉涛,徐徐向前款款而行,3552055740273972
崔玉涛,阳光释然ing,3552241372095758
崔玉涛,没有过不去的kan,3552219762322711
崔玉涛,SylviaYeung,3552249156011281
小圆圆and小小圆_培,乌里粑粑,3552231598925079
崔玉涛,Miu,3552068378178879
_Hazel_Yan,一号林恬憧1994,3552042091616105
崔玉涛,nancydoudou,3552043556238667
洋娃娃和小熊熊跳舞,me欣馨,3552045732236619
崔玉涛,思忆无,3552106314861888
崔玉涛,走X亻,3552038736883025
崔玉涛,Cicicola的夏天,3552039332087126
崔玉涛,乐活明星,3552075319434582
崔玉涛,大只妙,3552057862274395
崔玉涛,小溪幸福生活,3552076145886551
崔玉涛,水瓶花_flora,3552240650493235
崔玉涛,conile2011,3552195276733762
崔玉涛,KathyGeng,3552025960496100
崔玉涛,鄯品Fly,3552035745707373
崔玉涛,宝宝小小熊Jasmine,3552051143429482
崔玉涛,熊小p,3552098006300025
崔玉涛,小熊在冬眠d_d,3552065462982018
崔玉涛,维c-Vc,3552432346887470
崔玉涛,蔡许多多多多多多多多多多多多多,3552031157755769
Carol_Ye小惠,佳丽景兰,3552035708591515
崔玉涛,lillianyly,3552026572625787
崔玉涛,活力1645,3552178189194625
崔玉涛,球球麻麻maggie,3552042377803172
刘_苏,改叫辰辰,3552061926974882
崔玉涛,C斯琳徐,3552025256574199
崔玉涛,鲶鱼胡子,3552025310596308
崔玉涛,mekkyluo,3552098178280876
崔玉涛,番碱,3552047561296422
崔玉涛,漫漫z潮羡棋,3552053835910587
崔玉涛,backer8023,3552065856953786
崔玉涛,陈大明的幸福生活,3552072375123931
崔玉涛,loveyou清清,3552072270044608
崔玉涛,RTV家的Rachel,3552035985171914
崔玉涛,IvonXiong,3552020949099055
崔玉涛,芒果儿妈妈,3552060424934860
崔玉涛,新的兴趣,3552037503210963
崔玉涛,mlivy,3552049490808275
崔玉涛,Jerry--Dad,3552423597352317
崔玉涛,夏隆江,3552037759495170
崔玉涛,侦察员小项,3552220316921269
_Hazel_Yan,梁-俊-威,3552048966864356
崔玉涛,姓龙的小女人,3552243330823617
崔玉涛,乐_凡,3552026354775546
崔玉涛,linda_moon,3552046013496822
崔玉涛,乙宁的微博,3552257041429958
崔玉涛,小猪朱珊珊,3552136014915043
崔玉涛,浮游的蓝精灵,3552042696334842
崔玉涛,沙龙哥哥的老婆,3552044872611324
崔玉涛,一抹紫霞,3552054557164421
北京和睦家医院,ETBill,3552060434126336
崔玉涛,小小叶小菜花,3552039445511686
崔玉涛,胖猪妞妞,3552028020493197
崔玉涛,寄风,3552022571618205
崔玉涛,kevin8675,3552150246321651
崔玉涛,雨飘荡的回忆,3552038472861199
崔玉涛,金鱼鱼金,3552038665817617
xjf818,倚绮,3552051927393808
崔玉涛,晓晓柚子树,3552276671495645
夏隆江,希妈妈和辰宝宝,3552275081831595
崔玉涛,Yoyo金牛走走走,3552069438436882
崔玉涛,lulu蟹,3552037226372635
崔玉涛,哈尼她爸,3552024107034151
崔玉涛,绊城湮沙的天空,3552021057424905
崔玉涛,littleonewy,3552052590145074
崔玉涛,crazyghagha,3552028687421332
崔玉涛,SuNny_babe_G_,3552062337691193
崔玉涛,风行景逸-烟台万达4S店,3552065546884666
_Hazel_Yan,buchong_bch,3552434175495658
崔玉涛,13菌,3552065056079425
崔玉涛,lanyier0722,3552048773532904
崔玉涛,袁袁小小静静,3552023674758735
_Hazel_Yan,土豆妮妮子,3552053253377597
崔玉涛,hissy-柳宝妈,3552047519708748
崔玉涛,橘子爱小橘子,3552027235872338
崔玉涛,父母必读杂志,3552141430337090
崔玉涛,最爱的金抽抽,3552133666168396
崔玉涛,那一年的逢源双桥,3552043795093090
崔玉涛,星仪Summer,3552268127217206
崔玉涛,生命的不可思议J,3552078049738339
崔玉涛,小乐乐的幸福妈咪,3552214188381042
崔玉涛,阳-雨,3552027915095667
崔玉涛,麦芽希,3552069761955437
阿子,Tiarella,3552077638663788
崔玉涛,xxxtgxxx,3552103421038136
崔玉涛,蒲公英和棒棒糖,3552052149708408
崔玉涛,四川_奕,3552026712067711
崔玉涛,青梅青青青,3552227040249426
崔玉涛,evazzz,3552107963106931
夏隆江,小太阳哈妮,3552069694836973
崔玉涛,彤宝2012,3552037235400325
崔玉涛,Carrie小淘妈,3552064413998726
崔玉涛,土豆的皮,3552030838646420
崔玉涛,小飞象HJJ,3552050165878417
崔玉涛,吃火炬的猫,3552119640569480
崔玉涛,雪泥爪爪爱mango,3552104910276237
崔玉涛,加油小少爷,3552038455838986
崔玉涛,车厘子陈晓晓,3552064145319583
崔玉涛,小淼-七斤他娘亲,3552081535233697
古惑囡小贤猫,懒夏夏CiC225,3552393071685210
海参崴-支持母乳喂养,星星的妈咪,3552037130292910
崔玉涛,米亚nana,3552033670029223
崔玉涛,_美__美,3552052040648366
母乳喂养大本营-vccandy,重庆母乳指导明朗妈,3552226335680134
崔玉涛,平行移动小屁囡,3552100120649392
崔玉涛,洁白的,3552020797370051
崔玉涛,TINYCINDY,3552030973441280
崔玉涛,茜泽MaMa,3552041748606657
星星的妈咪,途径一场心碎1222,3552058663671486
崔玉涛,飞到Rio,3552040896653908
崔玉涛,九重芸窗,3552048509050563
崔玉涛,Smiling_晴,3552397442213493
崔玉涛,暖暖的1982,3552023036960461
崔玉涛,牟九九,3552036115203787
崔玉涛,capitainLV,3552048572192458
崔玉涛,三月二十二日晴,3552047356356300
崔玉涛,刘川or川工,3552020936005331
崔玉涛,嘻哈叶落,3552172102746679
崔玉涛,uhey89,3552021908653782
崔玉涛,小超女的麻麻,3552089474932426
崔玉涛,帅到被人砍的超级奶爸,3552127726841538
北京和睦家医院,Chrissy诗,3552053786113749
崔玉涛,alittleworld,3552057682126551
小飞象HJJ,Grace三岁半,3552059854685911
崔玉涛,黄翊宸麻麻,3552020021874401
蔡新粤,当当他娘亲,3552112661524177
崔玉涛,人鱼多舜,3552132261436654
崔玉涛,不怕下雨的羯羯,3552243762689720
崔玉涛,艾达儿5,3552114556870369
崔玉涛,卡布xy,3552047775586908
崔玉涛,吕清政营养师,3552031333926661
崔玉涛,程老板的幸福生活,3552039793486772
崔玉涛,猫子欣,3552065638903552
崔玉涛,双子kay,3552044583689991
崔玉涛,-罗子罗森--,3552285143223164
崔玉涛,淡定的很,3552050157489048
夏隆江,小吞小小吞,3552046298504970
崔玉涛,手机用户3077802654,3552454698069677
崔玉涛,一点不乖乖,3552079194877702
夏隆江,ro立毛橙,3552078439956236
崔玉涛,善朝,3552130914512643
崔玉涛,yll9713,3552068658958099
M和MS,一起吧together-bar,3552046399725340
崔玉涛,吉纶子,3552065148366618
崔玉涛,昊昊妈咪_,3552242483351283
崔玉涛,友善待己,3552052989368588
崔玉涛,齐天大豆,3552029542858538
_Hazel_Yan,W__TerenceCJW,3552035070390059
北京和睦家医院,圈儿圈儿2010,3552063181500199
崔玉涛,马越_高端医疗团队_Teamleader,3552053735532340
吉纶子,echoij,3552118826575654
崔玉涛,丽心绿,3552061981146939
崔玉涛,番禺阿Sam,3552514865278674
崔玉涛,花草香1984,3552106198298421
崔玉涛,沫沫小姐快长大,3552049750388668
崔玉涛,一抹紫霞,3552054435520323
崔玉涛,open_shadow,3552059293388612
崔玉涛,都不许露出大门牙,3552100321242945
崔玉涛,修炼周全,3552029547052882
崔玉涛,_MissSun_,3552087465733964
崔玉涛,melissadan,3552041286261361
ro立毛橙,蔡新粤,3552078632793945
崔玉涛,小熊在冬眠d_d,3552065760823136
崔玉涛,惜之-惜惜,3552151902701392
崔玉涛,倩倩好运,3552065303262804
崔玉涛,LuckyJennifer最乖,3552422577940252
崔玉涛,HO_HOyaya,3552108899172199
崔玉涛,小圆圆and小小圆_培,3552231314087755
崔玉涛,Annykie,3552103962486637
崔玉涛,王小毛de靓妈,3552141459703653
崔玉涛,木木925,3552019215826821
崔玉涛,沪天,3552031333926787
崔玉涛,小乐乐的幸福妈咪,3552214028984154
崔玉涛,萧萧袁氏嘉,3552126309275513
崔玉涛,妈妈爱可可兔,3552026992837582
崔玉涛,帅到被人砍的超级奶爸,3552127890659197
崔玉涛,饼干之de包包,3552060165654414
崔玉涛,XiaxiaTu,3552053626468245
崔玉涛,我是筱筱姑娘,3552038308380812
崔玉涛,金牛小玉儿,3552087235252111
_Hazel_Yan,风请别再吹,3552062643638169
崔玉涛,樱桃小桃熊,3552070898173851
崔玉涛,北京宋颖,3552259856134003
崔玉涛,傅小司在饭否,3552033816233896
崔玉涛,小志宏_t9s,3552036006006697
崔玉涛,炫铃用户2899382727,3552160141129614
崔玉涛,换了名字又是一个新账号,3552029169002414
崔玉涛,美德因咨询冬冬,3552023352272817
崔玉涛,飞舞的小猫,3552067773423527
崔玉涛,小恶魔D妈咪,3552042515722160
崔玉涛,yanlan-骏,3552055089883054
崔玉涛,EllyMay,3552021829427137
崔玉涛,和睦家顺义诊所,3552100157878192
崔玉涛,小兔子尾巴的尾巴,3552114040696750
乌里粑粑,小圆圆and小小圆_培,3552239333193618
崔玉涛,周颖012,3552035553392581
崔玉涛,vivibrown,3552072035336155
崔玉涛,Nadia_sWing,3552023058410798
崔玉涛,yyxxyyxx,3552266206269334
崔玉涛,微笑加油的小窝,3552189194322527
崔玉涛,Siga28,3552024623204318
崔玉涛,summerkiss2013,3552116045762502
崔玉涛,馨家碧-德国馆,3552044403042946
崔玉涛,luoyuanc,3552040376528865
崔玉涛,来去laiqu,3552124963059662
崔玉涛,果宝11妈,3552124350642127
崔玉涛,秋之雾2011,3552036438042246
崔玉涛,Cinderellayhui,3552065785645029
崔玉涛,亲亲小熊猫,3552032751421421
崔玉涛,妈妈爱可可兔,3552025835415536
崔玉涛,星之葬礼,3552055224928235
崔玉涛,Dream_文武,3552026972127219
崔玉涛,tfdniirdq,3552044621160411
崔玉涛,新的兴趣,3552037666811894
崔玉涛,坚持的双宝妈,3552033551980537
崔玉涛,健康医学世家,3552024933597180
崔玉涛,minni_J,3552038035939325
爆炎老白,linda--F,3552095577384946
崔玉涛,嗷嗷嗷小蕾姐尖叫道,3552043145162753
崔玉涛,廖lieu,3552048005922818
崔玉涛,叫我千瑟瑟,3552025905968099
崔玉涛,蒋小米0927,3552024035239952
崔玉涛,chenxilulu,3552139315841015
崔玉涛,接近神的小猪,3552047426846736
崔玉涛,小爱还是小爱,3552092876302345
崔玉涛,丹丫头妈妈,3552033774288925
崔玉涛,曾经疯狂的梅子,3552141098326021
崔玉涛,sukisuki笑嘻嘻,3552054829815834
崔玉涛,刘_苏,3552043929057312
崔玉涛,许枫杰Josh,3552436054441934
崔玉涛,我和两两and小梧桐,3552050644064298
崔玉涛,Lapoleon-lv,3552033279578162
崔玉涛,亮宝亮宝,3552392404811747
和睦家顺义诊所,1004帮女郎高芬1995,3552410406483935
崔玉涛,嘟嘟村妈,3552072714944562
崔玉涛,龙宝麻麻sun莹,3552031837009983
崔玉涛,hellenlwf,3552049230258236
崔玉涛,数学祈安,3552172803002997
夏隆江,静小妹_shamrock,3552051029968962
崔玉涛,Adele蛋酱,3552046349629511
崔玉涛,大家都叫我荷荷,3552028620062796
崔玉涛,丽丽安910,3552067765256263
崔玉涛,vincentmama2011,3552101604534337
崔玉涛,随颖奔跑,3552025998487638
崔玉涛,F齐,3552047087085650
崔玉涛,袁袁小小静静,3552021145507935
崔玉涛,可乐非冰加水加LY加铭仔,3552111968772173
崔玉涛,陈六六的妈,3552022739629842
夏隆江,惜之-惜惜,3552151597273160
崔玉涛,NayaKoko,3552019685845320
海参崴-支持母乳喂养,母乳喂养大本营-vccandy,3552180105588462
崔玉涛,峻博妈妈,3552023716946029
崔玉涛,iamcabbage,3552048152848489
崔玉涛,岩妈冷布丁,3552021510182218
崔玉涛,洁宝17520,3552036483942517
崔玉涛,小丸子_Jun,3552035276793975
sunshineellen,多多_老豆,3552072861735030
崔玉涛,小锕璇的潮妈,3552379163283509
崔玉涛,简单-执着-,3552066724759679
崔玉涛,棒棒糖-00,3552101751834746
崔玉涛,嗅花无声,3552042012868745
崔玉涛,smmllzp,3552039315478667
崔玉涛,安安妈妈1213,3552229350828128
北京和睦家医院,铭铭的小名,3552059267967116
崔玉涛,心有福田,3552047821969552
崔玉涛,纳息塞斯之泪,3552041580578962
崔玉涛,风一样的神话_e5k,3552088967155849
崔玉涛,笑笑txxt,3552201261914231
崔玉涛,萌天麻麻,3552149843634308
铭铭的小名,糖糖雅,3552060185839774
夏隆江,自由liii2的地盘,3552046634868900
崔玉涛,谢_夫人,3552051554295458
兜宝滴娘_茜,真真妈妈咪,3552068968896676
崔玉涛,风行景逸-烟台万达4S店,3552065748238503
崔玉涛,晶今baby,3552090154465450
崔玉涛,蚂蚁你妹,3552031060713657
崔玉涛,章梁鱼的妈妈,3552020181264385
崔玉涛,性感的奥特曼王子,3552274246973572
崔玉涛,天屎得得橥,3552181918056603
崔玉涛,俩公子妈咪Jenny,3552040208932937
海参崴-支持母乳喂养,雨铮妈_公主,3552042058283197
崔玉涛,魏江龙YZ,3552021888149700
崔玉涛,史姐姐的营养生活,3552080331145399
崔玉涛,八戒家的肉圆,3552079421126843
崔玉涛,坚持的双宝妈,3552033514229961
崔玉涛,超明仔仔,3552025051043502
艾粒克Eric,LM9438,3552021783062739
崔玉涛,亮宝亮宝,3552392622524543
崔玉涛,杏仁饼倩倩,3552020294037851
崔玉涛,启明薇薇,3552083154321613
夏隆江,野丫头wuyu,3552040272095234
崔玉涛,筱木晴,3552053651124443
崔玉涛,stella_918,3552132571365577
瓜妈的小瓜子,岸边_蓝鲸,3552081585660118
北京和睦家医院,芸子奶妈,3552058768781532
崔玉涛,张未颐,3552067886901472
cleveoyang,07行一子萱1981,3552362779934878
崔玉涛,大大炮大益茶,3552072328769772
崔玉涛,我是任真,3552031455568122
_Hazel_Yan,kxmn549,3552169275572443
崔玉涛,秋天1998,3552415204622500
崔玉涛,鱼儿游啊游游到大海里,3552024043628800
yuzhu720521,18岁的云霞Joanna,3552346799597751
崔玉涛,哈皮20110423,3552046600514567
崔玉涛,Cherna_MISS,3552494574008480
崔玉涛,summerkiss2013,3552116264573177
崔玉涛,淮水枫情,3552061339366747
崔玉涛,曦曦的妈妈叫小C,3552113877641468
夏隆江,家有胖小A,3552043099021581
崔玉涛,kinderbb,3552073297471349
崔玉涛,紫昕玎琳,3552097784359170
崔玉涛,玛丽亚1008,3552078704238856
崔玉涛,zcyzzc,3552127458384125
重庆母乳指导明朗妈,好天气--暖暖的冬天,3552231804944614
崔玉涛,母乳喂养小儿推拿,3552150120235262
钻石小凯,晓灬曼,3552061545126166
我是向日葵不是葵瓜子,我是向日葵不是葵瓜子,3552073448255774
崔玉涛,weixiao天使2010,3552115148323102
崔玉涛,调皮Ca,3552314856345842
星星的妈咪,酒虫xm,3552039533424951
崔玉涛,静无语凝噎,3552102015834410
崔玉涛,sherry0301,3552085972435255
崔玉涛,iHerb-KellyC,3552456522629347
崔玉涛,Carol_Ye小惠,3552023116654921
崔玉涛,louisemeiniu,3552039080190281
崔玉涛,艾粒克Eric,3552019719873561
崔玉涛,SharonD猪,3552099311038694
崔玉涛,Cathy_婷婷V,3552049130217805
崔玉涛,冬瓜大王,3552080310649159
崔玉涛,柳絮轻飘2011,3552024451230042
崔玉涛,岁月静好_xiamen,3552128104700229
-罗子罗森--,安琪莉可_Q,3552418686398723
崔玉涛,老马肥嘟嘟,3552079237323095
傅小司在饭否,ivy小P孩,3552034643169637
崔玉涛,美稚地美国儿童教育体验中心,3552414898295062
_Hazel_Yan,崔玉涛,3552018687328629